"","PC1","PC2","PC3","PC4","PC5","PC6","PC7","PC8","PC9","PC10","PC11","PC12","PC13","PC14","PC15","PC16","PC17","PC18","PC19","PC20","lectin_names","lectin_groups","mbs","cbs","auxin","abu"
"2CNA",5.9236029615421,1.28714800404625,-1.95463613681077,0.186221671257616,0.4826865954496,2.34476543453504,-1.31118831280703,1.36758632984115,2.29678878937028,6.42120168474666,-2.27832402025049,-3.7856773515918,-3.42446098791389,0.144167837975443,-0.0933738932284252,0.65116585361122,-0.164128853443019,0.371176347077118,-0.317673704433315,-0.336564140361863,"ConA",0,2,1,1,1
"1CN1",3.21924640065373,2.48926260951771,-2.06345602072886,-2.27982101664396,2.31531723811118,10.4843264388099,4.86272921964341,-1.53713748694548,-1.25209190938529,0.225652315837549,0.337096278474823,1.77077444695665,-0.730308495576759,3.05616583239043,2.10718377034283,-0.242966195702267,0.505056955608124,-0.0718077940571545,0.0555487762819611,-0.337040943513621,"ConA",0,1,1,1,1
"1WUV",-3.12478748618267,-2.52731860601292,-0.145901478687937,-0.179545592998397,-2.23788571573757,1.40273179982702,-1.69901838580592,0.147919131596463,-2.09805975640121,1.39480680617828,0.915640109872041,0.366448327007134,0.427627135267685,0.271796701419921,-0.918231351523081,0.490209358631501,0.545182666565063,-1.17687100224371,-0.193770608089976,0.482885139391507,"CGL",0,2,1,1,1
"1AZD",0.462834913674518,-1.0383988429248,1.42319531023277,-0.696384317327366,1.63192508770923,-0.0960187351464006,-0.462980692355822,2.15184053709784,-1.39258340742034,-0.384800146004103,-0.4694972648532,0.723046944254554,-1.17064668461563,-0.9889863138418,1.08237669027865,0.397635954849871,0.010662937606463,-0.169228456808539,-0.177741491839429,0.589913818122477,"ConBr",0,2,1,1,1
"2OVU",-5.37590531587435,-1.08491839688641,-1.60654275364668,-2.11398355056119,-0.801826054822802,0.0512455696596006,0.49701961187642,-0.398195386245596,0.579870757059431,-0.576665734808116,-0.390440949861449,-1.2181754154973,0.26742348058985,0.308482794512059,0.278924731765094,0.523121132691157,-0.127956095211541,-0.146851940265757,0.0537651986060995,0.832732148376559,"CGL",0,2,2,1,1
"5F5Q",-0.267149651928944,2.32287907720836,-4.47929467461354,-0.471721678774241,0.0204411368346287,-0.440356965518057,0.0518895550659795,0.808490611216546,-0.0783475873780674,1.02169701885976,-4.08576598413492,0.966697397183683,2.73575156367674,-0.2267159351099,-0.858965931688174,1.20349630809637,1.02978014986165,0.601217399592216,1.66131432570232,-0.0117376863562752,"ConV",1,2,2,1,1
"2CWM",-4.86601024338984,-2.23567992817313,-2.22648326991986,-1.85921020299368,1.04986731727603,-0.347037660103688,-0.18926695750676,-0.581506868266101,0.584352731906049,-0.277209141844755,-0.166185402206174,0.495106941114665,-0.326513378509637,-0.392269885814503,0.108481007993131,-0.185823102990599,-0.00767936721466342,0.288109804320502,0.225910181115182,0.0782460602124298,"ConM",1,2,1,1,1
"5BYN",-3.06811188385625,0.490841844352631,-1.84084036316586,-1.26371661179212,1.02845467175653,0.737315787868264,-0.498141125851931,0.945393459088881,-0.601685863355517,-0.784740499123671,0.40431608804397,-1.97485424675864,0.664960452858431,1.0294497311527,-1.89296641482818,1.03397714486841,0.033239522858767,-1.06147169772827,-0.493700253161316,0.474009087433286,"CaLi",0,2,1,2,1
"2OW4",-5.38263128513635,-0.914212123980985,-1.55478450297028,-1.65456445480019,-0.657699878228908,0.0504472151517598,0.377092083675773,-0.307875890847792,0.501165028922609,-0.25247567319222,-0.274232263677356,-1.14948627587903,0.44463175164352,0.348415448754512,0.218272210971802,0.663082396675026,-0.452471382871046,0.19377140752767,0.411829399973484,0.702870527642331,"ConM",1,2,2,1,1
"4K1Y",-1.71911744372385,-0.9502835653194,0.574155631465129,-0.136336413762775,2.5929517435185,0.117745385401923,-0.925535231580791,1.36675117716492,-0.298121996814838,-1.12385600173622,0.928333621779889,-1.08019201459866,-0.32019113221654,-0.4913672881735,1.00001176956019,-0.0518628562026636,-0.0507825329832564,-0.18430852839985,0.449889897390245,0.556380171940439,"Cbol",0,2,2,1,1
"5U3E",-0.595267755505218,1.68249496690353,1.49073918179984,1.67673337957201,-1.06661761433769,0.992546316060796,-1.56907385540936,1.3535883262757,-1.80426088380473,1.19600641921998,1.12596667218062,0.70620707600917,0.19140424199566,0.876655994087982,-0.795214092523601,-1.99094132443423,0.9656861525073,1.22442280339837,0.672075201894411,2.27189427780595,"CaBo",0,2,2,1,1
"4L8Q",-5.41100338180883,1.59539900908309,-1.9636396347144,0.185397996070755,-2.72294979380157,0.352802938769947,0.983888773258167,2.32415473939915,-1.51735765035653,-0.101095775759763,0.633931730734336,-1.34455259994736,-0.233657101108978,-0.304980746688582,0.309311024687413,0.775787706092073,-0.0283613216654685,-1.85902962553321,-0.290224513928202,0.0421085236342258,"ConGF",0,2,2,1,1
"3RRD",-2.15275900204357,3.63370676807489,-0.241784636057533,2.26715722857244,-0.382677533394033,-0.451984487870848,0.654911864871781,-0.737758346672857,-0.370750102414878,-0.0964416784066595,0.31727768520647,-0.452900791277236,0.146566982536652,0.793244744493771,-0.971835861487674,-0.254029149606729,1.05438409289333,0.0865646203764271,0.669781477265601,-0.0705424812418682,"DvirL",2,2,1,1,1
"5UUY",-2.58472968030133,3.37275761645216,-0.653504666373416,2.1253671091342,1.02830871974716,-0.751083531991126,0.574347786256004,-0.130997782905699,-1.12761733372013,0.343501521990146,-1.85861571691648,0.439198377117488,0.747517149473061,-0.152861051133618,0.228129348760125,-0.409707016264883,0.307801811967969,0.00584806694334525,-0.75209447376791,-0.711430028347625,"DLL",2,2,2,1,1
"1H9W",-2.69075764463168,3.18414258292725,1.27147946483413,2.73016358281805,-0.169447248706963,-0.016149765130538,0.426173344895093,-1.02173220200305,0.138462830827877,-0.333227108575544,0.995169030188287,-0.329304864195157,-0.460249258356882,-0.00696992660090605,-0.290637192907786,1.21711245807593,0.824644505235862,1.08809192842472,-0.43299898721718,0.354471998785567,"Dguia",1,2,1,1,1
"6CJ9",-2.75638981667159,3.52840565278561,-0.661960173836444,2.18334239098086,0.950907981661083,-0.713795665621385,0.544705223261044,-0.130734487936797,-1.26191579406577,0.423223941361094,-2.11628442137831,0.459355882883395,0.789876700200941,-0.254916256584834,0.189273889612675,-0.449693806691837,0.27401799598144,0.602344651252114,-1.02909311399692,-0.324800095226563,"DlyL",2,2,2,1,1
"2JDZ",-1.6410113358867,3.40831902545785,0.53225226323081,2.86243581331338,0.575045139154531,-0.07548195695173,0.771697408807097,-0.717386738605657,0.000822858973965506,-0.398620885267106,0.867952296305564,-0.4704828806379,-0.22822864418587,0.200702965038907,-0.558384948419594,1.39529947636681,0.487900322017573,1.08231874226321,-1.13990050725817,-0.142572707690442,"Dguia",1,2,2,1,1
"1H9P",-2.61950495307131,3.18947075941132,1.0696045556112,2.68774772218348,0.134410012569976,0.0440379311996044,0.383401821836569,-1.28581089867797,0.396914903661709,-0.252828153833331,1.07273598478628,-0.125466689894837,-0.0951065741341256,0.119058711930227,0.192595705308137,1.5699486744711,-0.0131872562321907,1.37157829225081,-1.21124469414279,0.292764550650149,"Dguia",1,5,1,1,1
"2JE7",-3.11666664648028,3.90315789714317,-0.196030789161195,2.84852805072013,0.440570721948722,-0.555789443493403,0.131843394120407,-0.025287003534768,-1.29175588443814,0.442227159274734,-1.86862437892246,0.541290188141248,0.472790316455758,-0.165080789538305,0.376629211135431,-0.526557969208082,-0.213732189112996,0.962169525008161,-0.867894511826144,0.00271604394704436,"Dguia",1,2,2,1,1
"2ZBJ",-2.00667871003142,3.73192578841845,-0.824130853369314,1.87651322899725,-0.939219105143573,-0.136323185012485,0.8567292676663,-1.0490406779031,-0.575828445499789,-0.43499255715239,0.290578948090143,-0.617540352267208,0.248663155125142,0.467261277468383,-0.64355745974539,-0.210059454266955,0.336305748880305,-0.472817295460216,0.382475566701504,-0.237357901312021,"DRL",2,2,1,1,1
"2JEC",-2.19801710154058,4.57974116595045,0.11355127667719,3.44292668643886,0.0953671716266355,-0.159264756289262,-0.687633371995889,-0.746664620698459,0.491613427702073,0.522243654041608,1.01537732983318,0.423519800048539,-0.581595234675968,0.1086575239687,-0.0107693864854215,-0.110463932832098,-0.234058391979666,0.356670122738098,0.991561428929962,0.265908861225555,"DGL",1,2,2,1,1
"1DGL",-1.97157524511072,3.20891318285199,1.0013799458391,2.41617796822558,1.51352857182828,-0.940582300072752,0.513879746990772,-0.338659455782249,0.177195256319816,-0.710764595594031,-0.443037597478834,0.0681813270231244,-1.36256292927057,-0.47946507254664,0.574309095904454,-0.056690461957514,-0.452653482074287,0.0809284752543124,1.3904038041041,-0.242991532743347,"DGL",1,2,2,1,1
"2GDF",0.0883055665062402,11.704522210579,4.69427194193914,-9.38298422495634,-2.17510824257211,-0.93682451187215,-1.19312481675841,-0.931321970930509,-0.216401449307329,1.06684437678881,0.0312326375233129,0.6043722695004,-0.435961002072758,-1.27454294182022,0.296512155931946,-0.629283062177564,-0.435810067666102,-0.134916395435933,-0.689677474235755,0.191590833232159,"DVL",2,2,1,1,1
"7LJG",2.12394869156762,11.8796573241758,4.91391968096611,-9.45400346853047,0.0859326833842171,-1.12703193784442,-1.22369548013063,-1.62799300696429,1.20126521230775,0.295106490511888,1.13632771599357,0.426588721159448,0.369340136648984,-0.204985348387424,-0.261360349187888,-0.0871611390386355,0.669641500093693,0.122400631363182,-0.576987001669265,-0.152478513364406,"DAL",1,3,1,1,1
"5TG3",-1.81149079189905,4.62883002630563,0.383864776405245,3.29770945186654,1.13831091571715,-0.149879960308023,-0.75842688183665,-0.866758025973429,0.563218917094867,0.230739022440657,0.712036287255829,0.322911406043995,-0.157074332775323,0.429444120243768,-0.287600213938488,-0.209906363849339,-0.15064565512258,-0.0673906970720646,0.754631430155964,0.169657513097345,"DrfL",2,2,2,1,1
"2JE9",-1.80919824693543,4.67828974312947,0.540653074317788,3.35359427881977,1.25177074263209,-0.565646987062245,-0.832310302931831,-0.421152929134958,0.520206105016984,0.365958287074216,0.596598167231158,0.409294630287834,-0.531639869576105,-0.164771745357577,0.202062418155336,-0.15347626161438,-0.288147010392417,0.225758282529454,1.08306074660496,0.193374609942977,"DGL",1,2,2,1,1
"3SH3",-3.59173598339762,2.82883523811291,-0.276268979168998,2.49866806712922,-2.07546563675806,-0.0387719822643572,1.58684586709568,-0.773471858768789,-0.179590714717656,-0.167813070407834,0.778780751476671,-0.662090889054671,-0.490671097509416,-0.964638925222653,0.200336617001363,-0.153752476708065,0.363193645070402,-0.882378616952413,0.404387590869785,-0.519689256273872,"DwL",2,2,2,1,2
"4NOT",-1.40039534290765,5.08090570528141,-0.786638649072394,2.90218998591854,-0.0751108790271187,-0.294095354917829,-0.253599774989788,-0.399796935794002,0.753926284318394,0.354629812436743,1.00626852937329,0.202627447682484,-0.273473416704466,-0.0775192518317247,0.475498920286857,-0.43760261188568,0.731000340429805,-0.639521995448914,0.00868722526337087,0.13917853043173,"DSL",2,2,2,1,1
"3U4X",-1.88623377445251,4.61342380009734,-1.03755697354617,2.05930622450719,-0.16681611917809,-0.194982728598812,-0.362793028277255,1.59183857306651,0.735784960819862,0.687245228378547,0.454304808696189,0.879831455673281,0.270512054402402,0.694254050025606,-0.0722313078568255,-0.15010856633285,-0.922730030751858,-0.135799277905455,0.28400207769581,0.767001839780329,"CPL",1,2,2,1,1
"4Z8B",-2.94159225355227,3.08741498288547,0.913606162794529,2.19598633474369,0.563108844055395,-0.518997837013774,0.652026543409174,0.347109164095986,0.243246018253894,0.686701100729417,1.47495873047497,0.882067912154651,-0.816489677879492,-0.837339842238487,-0.0335197542741602,0.168945700489152,1.11714600733748,-0.956964523635277,0.975630580570517,-0.86579658741113,"DGL",1,2,1,1,1
"1MVQ",-1.71899748196561,3.11075681739551,-0.61471429594737,-0.397415402720352,2.40908242296102,-0.653581026388499,0.404706117065786,3.34202660668951,0.533476644470046,-1.21130531332861,0.486687977514336,-0.0795624731288574,-0.0456128699542334,0.615379318321752,0.123598358494484,0.747862404553039,-1.49977192377417,-0.653411364728916,-0.367311808478333,-0.674213401144898,"Cramoll",1,2,2,1,1
"2D3P",-2.51783932228149,4.50377320481821,-1.11028358563984,0.0365981271332982,1.41059547062177,-0.0960000853838723,-0.338710164931321,3.94280209639768,0.105168703696591,-0.532698196745757,0.87969565838831,0.384665713196377,0.117398676700671,1.12823954131295,-0.0480854646207742,-0.268800816701208,-1.96125168967698,0.200415924518104,-0.466176513318877,-0.00560876072556566,"CFL",0,2,1,1,1
"3A0K",-4.61816253989725,2.28780246191629,-1.15771148132178,1.70409752083292,-3.67522364195208,-0.0302755881608629,2.00106949331972,-0.88150632325233,-1.0403196418747,-0.310096258398931,-0.0656201913801022,-0.565729977174693,-1.37140594324719,-0.691632898516498,-0.37453569603439,0.00432140369651628,-0.5673447472687,-0.367618045365696,0.471463883302226,-0.060438160806581,"CRLI",1,2,1,1,1
"1JBC",3.68252377036094,0.154363427014969,-2.61997786048555,-0.272306574271383,-1.29683894489514,-0.577544152285486,-0.429729011465563,0.0923658247100166,0.277891033759426,0.0424662978143681,0.0778888488368897,0.12537407543352,0.376642721382994,-0.121889628417719,0.658848321521225,0.182483919131036,0.397650332009835,-0.218901820608816,0.144507538578475,-0.169837391894776,"ConA",0,2,1,1,1
"3CNA",4.65661129058951,1.71793783046351,-1.90437018652744,0.802493078933287,3.66273613723494,6.42386729571307,1.94745384930471,-0.0584766406818861,2.16052226277878,0.379892655857622,0.933141971482344,-0.602833292814921,2.71327576202536,-5.21587134851932,-1.46828061757983,-0.539852391223783,-1.02415168252295,-0.453679875937905,0.0196659945665694,1.04144450732599,"ConA",0,2,1,1,1
"1BXH",1.03306144550329,-2.34163768341771,2.20232977173654,0.885514000998424,0.868851248735478,-0.386401560664062,-0.298117322344798,-0.911251614257812,-0.654737647398604,0.945076091971687,0.60034675060238,1.33575658052234,-0.564181256180034,-0.368943899025718,-1.16021673914068,0.230704801144681,-0.144789246353845,-0.669974176673691,-0.188895576893163,-0.81142382289484,"ConA",0,2,2,1,1
"1C57",4.11928506993765,0.0938298692751355,-1.80733163473657,0.276567335719533,0.0501144886054681,-0.309828428350732,-0.525388376773538,-0.184159792999611,0.26989603188196,-0.741060765201129,0.343536275954143,0.0842115064167319,-0.532560284584017,-0.0917127184371804,-0.211691764262176,0.0835013008289996,-0.115849582495942,0.334838246979748,0.0637721170477063,-0.0974496659599005,"ConA",0,2,1,1,1
"1CJP",1.25105872011745,-1.71941922499941,1.50068027147739,0.324640620244346,0.949394648284661,-0.216354129652404,-0.129565902121466,-0.433594059748953,-0.838755425366398,-0.222832518059008,-0.424875961919204,-0.101503226317355,-0.48942821154084,-0.183851801494678,0.364576791266417,-0.368218929836208,-0.0520033641955491,-0.452918247317583,0.0318838229545982,0.308306079470826,"ConA",0,2,3,1,1
"1CON",3.10595838516944,-0.489539070649977,-2.11654945576517,0.0442264408310953,-1.57497322992794,-0.0298090826882396,-0.0429553096512332,-0.298335675097968,-0.359216965980067,-0.608845813697534,0.0983271894086104,0.0733882424469556,-0.759853925030868,-0.170932778853257,-0.493226061491618,-0.247584688068767,-0.329998817124967,0.186341440376101,-0.0691224217455103,0.224679924579577,"ConA",0,4,1,1,1
"1CVN",1.02535761046069,-3.08445197584546,1.94705935148543,0.54055259188567,1.17766420573594,-0.455456853760809,0.0182496104424962,-1.3309406325785,-0.705394262855747,0.860138488465965,0.331081408229753,1.04099502288135,-0.605192427451215,-0.308776494371615,-1.22163548347471,0.260639238105769,-0.428172445511521,0.0505699567308537,0.0947712210400532,-0.751070403826595,"ConA",0,2,2,1,1
"1DQ0",4.27540677252191,0.282672097656383,-1.79685746374012,-0.0238277482610717,-0.305213356722211,-0.233120805735037,-1.15267594149383,-0.55142294949799,0.285029853376297,-0.567038282348006,0.60963566421726,0.445722189833132,-0.58197797721654,-0.108110862202315,-0.463987706735869,-0.0609577717288458,-0.389433348964405,0.450289363315209,-0.268843554051841,-0.0961452859227379,"ConA",0,1,1,1,1
"1DQ1",3.81437837703036,0.119223877201245,-1.74792113259028,-0.244831106196319,0.553387780317669,-0.0810034730486068,-0.685326808339825,-0.788427575668787,-0.354419320833839,-1.09619489346532,-0.0305453416434372,-0.0767591641467223,-0.495967649013747,0.00821349377506212,-0.174178303080798,0.0813705523944289,-0.305019078719522,-0.0199356147775782,-0.424762452132435,0.0617245889161363,"ConA",0,4,1,1,1
"1DQ5",3.6864219589878,-0.0828455109395355,-1.82856588661793,0.206108764476177,0.373342247056504,0.0243764843024856,-0.303793034835204,-0.491824821987579,-0.423315561653757,-1.04034565568416,0.193109907882464,-0.0478180172268507,-0.624279466367807,0.224292939116947,-0.0343119928943339,0.291484216128341,-0.0189136703447675,0.240654285881021,0.0704341120785262,0.0811281509730494,"ConA",0,3,1,1,1
"1DQ6",3.99871443052089,0.0247552549185434,-1.87240052675424,0.285303168974797,0.119731899283353,-0.0968313465272331,-0.550454217014322,-0.251393374728148,0.0160376178579641,-0.747398197632688,0.256868053641407,0.165432900515257,-0.456517650231245,0.213530300498323,-0.270847540327561,0.177281175000452,-0.248335207385921,0.43458555190393,0.0668066815640157,-0.0442946388768961,"ConA",0,3,1,1,1
"1ENQ",1.34055788117068,2.75732751994024,3.81672125808738,-6.53349336825302,-0.178070274083873,0.578846194000181,1.6066954016836,-0.837857183843159,-3.62634108983883,-1.23340070193787,-1.62602518063455,-1.60189631799781,-0.266593685218795,0.259579641067885,-0.659911626226242,0.872533557052171,-0.68349154662738,0.370865140806674,2.41206398359895,-0.289223428495795,"ConA",0,5,1,1,1
"1ENR",3.90524205099957,-0.0551222572643567,-2.08982832670444,0.25179132896513,-0.273183448821201,-0.116520768650701,-0.516664938654627,-0.326709937314293,0.0105662136501572,-0.792027124955447,0.3430076262872,0.130939441924956,-0.541368717073533,-0.0130520462540738,-0.262576513929687,0.159724455951959,-0.386371358607317,0.372457844783877,0.0445874466636332,-0.0167963688589299,"ConA",0,4,1,1,1
"1GIC",2.46396782592127,-1.29087030824486,1.71536578934627,-0.39057344432145,-0.274805680334017,-0.580464993117557,1.30340121514031,1.80662736251896,-0.140451206370526,-1.08418275341414,-0.667808022930142,-0.593029231683633,-0.573737452453099,-0.255357534635555,0.18360280737548,-0.201901920072649,0.315724028494222,0.435987462209873,0.0351286924347313,0.532241316708126,"ConA",0,2,3,1,1
"1GKB",1.65551989753158,-1.14560429626355,2.97077989430529,-0.285360396390576,-0.493576815466278,-0.641400881156127,1.9836335668809,2.59790865264155,0.299492972936866,0.223554188289456,0.0686543231826635,-0.0174545877267557,-0.0454640536075361,-0.471370390670824,0.117494534087284,0.0696890401486939,1.34625764497627,0.533302459725511,0.664645997090658,-0.131213436045391,"ConA",0,2,1,1,1
"1HQW",3.90111004534247,-0.279679246802742,-2.09152573936675,-0.488101175516616,0.391849305137069,-0.620559736204574,0.126172775541153,0.064884001142306,-0.137506758451537,-1.11344637550001,-0.331144994443428,-0.0259662707996849,-0.599807620992237,-0.20267416716041,-0.191590929415884,-0.148425928093465,-0.0366383227168908,0.011595702092677,-0.371117533486176,0.12001877051122,"ConA",0,2,1,1,1
"1I3H",0.921612542354228,-1.15889898078894,1.83244616812726,0.689573842928652,-1.11894533507823,0.406603559316946,0.309669461319888,-1.71160759617203,-0.616260830111138,0.192479338770319,0.693981618578922,-1.72886305438181,1.49858424334624,0.893307333093063,-0.587186462234691,0.225374010156631,-0.342631737711349,0.366761986668057,-0.437306842483307,0.168409551858282,"ConA",0,2,2,1,1
"1JOJ",2.77415622503513,-1.59061472641223,2.84429509685679,-0.719203171844775,0.570703562547242,-0.153790110645028,1.4531416749086,1.56937400400178,0.515298319051742,-0.685102382581133,-0.182730367837272,-0.110543130094423,-0.739945866725009,0.139894470119058,-0.938755599262673,0.572220536059789,0.699831935187656,0.00831216002873765,-0.435711848028032,0.746222786249351,"ConA",0,2,1,1,1
"1JUI",0.935164676235792,-2.07794770230398,2.92454186233386,0.573534656395958,1.36762456024048,-0.0203562474051584,-0.114947772564546,-0.964038375465189,-0.425781149501197,0.150996136384919,-0.0845104875489773,0.747257487698813,-0.466506341431214,-0.232061952748299,-0.544477995007902,0.825491148028935,0.169177314699106,-0.436365595198234,-0.333669852823226,-0.0100163205404908,"ConA",0,2,1,1,1
"1JW6",3.93635468071439,-0.284133435082144,-2.02036918218324,-0.11378235774231,0.262965454584998,-0.354741184702145,0.0272284370539779,-0.159668599776901,-0.346369121898395,-1.32906696785045,0.0262766191084214,-0.133403084172399,-0.76554181407547,-0.306519026686599,-0.103311717171345,-0.116350610466091,-0.0481248693845188,0.0296349716192308,-0.19592721946726,0.0848741341746709,"ConA",0,2,1,1,1
"1JYC",2.96434009364359,-1.57061325284056,3.39199160066014,-0.483377858473633,1.25980989231079,-0.487776592466332,1.76660384553422,2.27458479024383,0.301047299661009,-0.273139919685204,-0.551929633446,0.981496062809173,-0.552333424374226,-0.316898698563326,-1.56572242296666,0.649300050565526,1.18786030465716,0.014594646671813,-0.0296624562695433,-0.253434921003385,"ConA",0,2,1,1,1
"1JYI",2.40716715829149,-1.7187873317157,2.68346084939029,-0.0708401402784509,0.828302510577055,-0.0511025078163805,1.19363431699729,1.72054386438846,0.0217789427535549,-0.273244815774685,-0.545658191319063,0.827486059314955,-0.933405404576009,-0.284721960268738,-1.4786881667741,0.667055790091231,1.22450729304747,-0.0183482841739415,-0.115315742482257,-0.173081786138487,"ConA",0,2,1,1,1
"1NLS",4.11531575002782,0.355574211606686,-2.39116206907745,-0.191147725357379,-0.611917512386151,-0.700966767280787,-0.866058009588818,0.140105312396894,0.411244810595671,0.188957094149577,0.0970255328209897,0.159978089814752,0.561436343947911,0.107223697530412,0.770691187859417,0.216527305746182,0.516398205609233,-0.164649711820336,0.157478150670061,-0.128121923240644,"ConA",0,2,1,1,1
"1ONA",0.757675368705528,-2.34823039739424,1.58031114424283,0.178699510295967,-0.746921464643921,-0.0653164726183001,0.0962442241599636,-0.455762546792471,-0.951459679377775,0.516547380199972,-0.378751528305525,-0.04286121547284,0.0276647298766029,0.481075120835161,-0.0810493618711765,-0.745137007931593,-1.24116498133485,0.220359509958631,0.0333414950965904,0.690207017068484,"ConA",0,2,2,1,1
"1QDC",1.73845399716401,-2.17700918836745,2.46214502126918,0.479470302546473,0.458772610724306,-0.419125346239634,0.0778058116860691,-1.09647716228069,-0.0457305772184929,0.0465678061077999,0.537785369553045,0.0445365392059733,-0.111426839829761,-0.0310161328965601,-0.299413513995566,0.0549143588568689,-0.301782200997534,-0.432579546805436,-0.253440547222641,-0.11177851143434,"ConA",0,2,2,1,1
"1QDO",1.71446945723314,-2.03052764687688,2.42540946124975,0.122671712380038,0.796875343425228,-0.533730818315305,0.368463121895814,0.240652604656421,-0.342919359018978,-0.792442303592035,-0.527351290295583,-0.846858185505498,-0.632388841520405,0.00406811668271723,0.143569538420345,-0.305849170645318,-0.186644189272348,-0.388609582154172,0.0444475245952666,0.0070708796730528,"ConA",0,2,2,1,1
"1QGL",1.56152817787647,-1.22396200644148,2.20028261244707,-0.0441710797312255,0.11627116720262,-0.329169454485356,0.591166482726111,0.828856060908687,-0.294672300670519,-0.908847739306525,-0.35721292500683,-1.0490151448544,0.288217374371148,-0.142546443605922,0.456485767531696,-0.549841691811991,0.121361640537294,0.0500366770142801,-0.279026129217022,0.315648538587326,"ConA",0,2,2,1,1
"1QNY",4.11971618040147,0.0938825947935455,-1.80717857922523,0.276167082315029,0.0502013029695287,-0.309796934665487,-0.5257341535361,-0.183899790699652,0.270230458016247,-0.740753550729835,0.343355925606027,0.0840409357837936,-0.531982190508124,-0.0911519930579626,-0.211498833037957,0.0827406240548275,-0.115477857312909,0.334851304373754,0.0634591746392522,-0.097479822627435,"ConA",0,2,1,1,1
"1SCR",4.0681526038302,0.0715767973196703,-1.944251045446,0.299320056774667,-0.236957571142913,-0.194095416501586,-0.627632841025688,-0.252938705607397,0.104765875638986,-0.657438428671269,0.412751856814953,0.195704778876706,-0.44235590039779,-0.00413264183113217,-0.157455394791394,0.0183921225459786,-0.323447658709793,0.421749713430931,-0.00987169790194887,-0.0249387271043017,"ConA",0,4,1,1,1
"1SCS",3.30391038963642,-0.399703338597938,-2.37591499286927,0.146549911212466,-1.38939248067681,-0.0858746540622781,0.0128636939200968,-0.204052739816407,-0.216414477941892,-0.662648710177161,0.165422393587907,0.122482785990625,-0.650092772566395,-0.306921269757197,-0.233525905634392,0.0774699724768619,-0.355590402674489,0.18849408501543,-0.0498638290892964,-0.0350337024056755,"ConA",0,4,1,1,1
"1TEI",1.11906186961799,-1.96891681565302,1.86436517983186,0.553425770504757,0.528294309439598,-0.449649294482683,-0.222947335067571,-1.3862121545583,-0.431600542648096,0.248181806183868,-0.149786850446416,0.208084239413854,-0.435302489554134,-0.491153731049791,0.221281527108518,0.0519612322191882,-0.291051908205061,-0.362026946197466,0.0924189349602294,0.345136702668486,"ConA",0,2,2,1,1
"1VAL",1.11614977222871,-1.69848254551431,2.11995467896804,0.570942013023233,2.37040655380516,-0.409988596114147,-0.476875966420349,-0.637568601223446,-1.01113278079275,-0.16449390292144,-1.17226401159155,0.203164757141833,-0.353057078276846,-0.409615677507919,1.64276148960437,-0.549825091697724,0.747967263727269,-1.38022626269528,-1.05457314164505,0.507889126698317,"ConA",0,2,3,1,1
"1VAM",1.56188698198585,-1.35559584209712,1.57148208380495,0.400788393317189,2.21597869318068,-0.380766425911098,-0.450841082910711,-0.474243404142201,-1.02404565722939,-0.498615199550366,-1.16715346542967,0.0261519531577991,-0.260207387651607,-0.37321910709082,0.966415521417143,-0.536921729008589,0.0306334838310515,-1.31454303841841,-0.53478749911927,0.523362961925091,"ConA",0,2,2,1,1
"1VLN",2.19548087551349,-2.34697114386034,2.14088440294145,0.610141301238495,2.13073775528608,-0.764246779202082,-0.741600216413214,-1.28854174832485,-0.780451708677527,0.44943928140977,-0.0167609789478711,0.34148358941575,-0.689603822890325,0.0967479103048233,0.115779108158839,-0.34948663504813,-0.262797676719672,0.188878587835461,0.13419329772218,0.11455543691818,"ConA",0,2,1,1,1
"1XQN",3.49343447132701,0.206652814666283,-2.53278126580283,-0.250995826140148,-1.44333493170627,-0.330859278513007,-0.569494777739656,0.0357585532609155,0.223633626131478,0.205621328197104,0.183574384543818,0.154362057892987,0.358097216149739,-0.0700953379071912,0.375522179342739,0.0993351079460794,0.37612239408357,-0.218599884085276,0.0739263605350864,-0.0881439124552888,"ConA",0,2,1,1,1
"2A7A",2.77393665795163,-0.289032829250961,-3.36200316834332,-0.162717137028385,-2.18015953628321,0.00194157875553066,0.370365673444761,-0.047559574132449,-0.226614958658498,-0.138178707234315,-0.0735906162772555,0.13533908739571,-0.157445794225498,-0.161660820955778,0.0604654340317003,-0.019019625427101,-0.0533651677401616,0.203163173230313,0.153477862180571,-0.0308898316046609,"ConV",1,2,1,1,1
"2CTV",3.28514268670685,-0.557623855153771,-2.40117113293256,0.0918782215902854,-1.43027969752315,-0.118417067881816,0.0805381549058116,-0.311789412621496,-0.377549791716559,-0.653912685750168,0.169961392724173,0.0471618830291839,-0.824858602271551,-0.192880107186939,-0.288911394863578,0.0842020428928725,-0.51076131919061,0.25959965861673,-0.104812458823532,0.0401277675671034,"ConA",0,2,1,1,1
"2CY6",-5.40933969153208,-2.03287572393566,-2.88110469912777,-1.44874888422291,-0.178859586587028,-0.29470472491958,-0.12364625146915,-0.431614551877038,0.113450511509298,0.560904086127378,-0.18493125375142,0.876029166581865,-0.145715116045666,-0.2530230474394,-0.328619686132385,0.201043040714926,-0.56139887347728,0.0757602418484045,0.231603193963748,-0.196908762846189,"ConM",1,2,3,1,1
"2CYF",-6.22863043779447,-2.96564685475643,-1.42245582380312,-2.0021817612308,-0.655911303557789,0.28231480533198,0.538524000752941,-0.371806301943009,0.267346486425552,-0.249858554185779,-0.30338436924248,0.115841216978812,-0.259912399678072,-0.454283752885201,0.494677683230994,0.246661364453918,-0.124714560840879,0.329028446340508,-0.0172385854490944,0.652196722987166,"ConM",1,2,3,1,1
"2D3R",-2.03389922307688,4.02566197224261,-0.740878307449183,-0.303451880367275,1.82072381738798,-0.659521103986967,0.363318849886324,3.85737177865465,0.263230963744557,-0.650552472449879,0.0722760565008964,-0.262138769481591,0.795521075354358,1.15780075597051,0.331289144250624,0.54136403287242,-1.79767521600778,0.0529825070126114,0.149836432206974,-0.420228654942575,"CFL",0,2,1,1,1
"2D7F",-3.29977151265637,-3.20046150703867,-0.857889887058298,-0.862722406541399,-1.86319006396497,1.030554382524,-0.954637012171899,0.264428001389786,-2.35431259454782,1.38562322166745,1.03989334065651,-0.135359041294603,0.458597895116196,-0.371836967010381,-0.302443035399389,0.424106924585193,-0.115010113679901,-0.914777034435991,-0.0190100875422664,-0.00850225900499114,"CGL",0,2,2,1,2
"2EF6",-4.6150868945302,-3.01752596801047,-1.4341604231981,-1.76886107860259,0.089518555087444,0.0419310069163622,0.451376399738521,0.974788336037871,1.01899660901817,0.22009831001564,0.482044387584758,0.863456606498126,-0.989626142963323,-0.380317981007269,-0.788252704063034,-1.15023296456299,0.606052125445616,0.718548304311985,0.292486069196465,-0.453337450488315,"CGL",0,2,2,1,1
"2ENR",3.96977584154917,-0.060574164572986,-1.7917449752989,-0.0359184978762487,0.410313889081618,-0.0224313141929773,-0.342171900057898,-0.636862725210873,-0.479369284619613,-1.17743968918388,0.138025369948531,-0.0564873646079151,-0.62073539538617,0.223613834459266,-0.182317917043215,0.0276738482744484,-0.387777224421824,0.368072596402947,-0.250073080796532,0.280934597553374,"ConA",0,5,1,1,1
"2G4I",3.6872018296768,0.419362568416455,-2.95460772981898,-0.0823869704600554,-1.34467088216949,0.00897035026190133,-0.608359348644857,-0.346814812854434,0.137106982281592,-0.16590185872544,0.159421016143688,0.0719691318119864,0.518129996377136,0.217692862932499,-0.0154249295378466,-0.0207249122227019,0.243706736152507,-0.298719447563898,-0.150611342119035,0.296365973782278,"ConV",1,2,1,1,1
"2P2K",-5.37253852917698,-2.96985818755142,-1.5112924518863,-2.08009063276639,-1.65488720889823,0.466172370961852,0.666260604836246,1.08589475089483,0.775002642132471,-0.344307739725467,0.426256495239111,-0.302811452077848,-0.573377333588016,-0.315994391109587,-0.0989985179081339,-1.31136611271656,0.547262240139074,0.947077187411495,-0.171720510144864,-0.225595263608422,"CGL",0,2,2,1,1
"2P34",-4.99135576814628,-2.74385474697801,-1.86387382305123,-1.74801310761375,0.0350171996823275,0.168831827599338,-0.111766279029105,-0.15519642019705,0.92829053647629,-0.246470858503282,0.442679658639886,-0.516799162398738,-0.482726197533697,-0.299410042844954,0.285295548591565,-1.68101899836198,0.237027388390384,1.13918218405668,-0.0298182150717414,-0.128248721732636,"ConM",1,2,2,1,1
"2P37",-4.83791771653122,-2.81834297234245,-1.93182528404493,-1.70209417045069,0.163157890104688,0.0760798384261861,0.123389680267298,0.278789354649046,1.09271706704391,-0.347622790060279,0.257677267853793,-0.470038603525882,-0.33196029937964,-0.151834587397585,0.231655099285289,-1.93527712460459,0.474812492859039,1.08867124341241,-0.19039322563016,-0.276868297729458,"ConM",1,2,2,1,1
"2UU8",3.3450450496818,0.0786522054353423,-2.71863949116618,-0.368445109966435,-1.60097613794432,-0.335085756642509,-0.39168799636267,0.171898457784353,0.176317800758886,0.14554341395859,-0.00837738706681971,0.155486061854546,0.429240083741374,-0.0799722473792677,0.530174901167407,0.186541910045659,0.40535681214308,-0.37719459051865,0.0797338836249164,-0.085198465966395,"ConA",0,4,1,1,1
"2YZ4",4.11961340256249,0.354309165238058,-2.39208273529804,-0.191827842353139,-0.615027246516128,-0.698286624789385,-0.863839756046314,0.135527368574215,0.411708399620215,0.186975971586254,0.103659486350036,0.159229942768319,0.561183113167457,0.10899519042631,0.769028007637756,0.217424988160346,0.524640051528899,-0.169547661312851,0.155296914545348,-0.130226133819359,"ConA",0,2,1,1,1
"3AX4",-3.28065041437108,3.08795377778053,0.101659383302185,2.42540392948828,-1.79041840702807,0.0360167304441489,1.67172121356323,-0.288607830221735,-0.0518778276653706,-0.645662588463425,0.609368809300686,-0.586453827805227,-0.527812432858268,-0.877207834520618,0.15629621559405,-0.381617012594838,0.738033629056023,-1.09156091249914,-0.182697126378391,-0.82339620306923,"DVL",2,2,2,1,1
"3D4K",0.421884517701365,-1.71890228847782,2.60864309393024,0.422592221905394,-0.285634112539451,-0.532441416133596,0.183257666050715,-0.861060220952381,-0.0492574403255581,0.389791576267626,0.261884012672622,-0.451933497530567,0.694193078652682,0.368375830961751,0.633635503538291,-0.203259442450724,-0.268804916624476,-0.177036424211596,-0.304657192642211,0.291270192297979,"ConA",0,2,2,1,1
"3ENR",1.74206391825228,-1.43132709102007,1.6857725597401,0.185562580187106,0.570829744188281,-0.570582084418582,0.803055796339005,0.644659972963389,-0.382737468928457,-0.601083424552531,-1.15960066249943,0.615111299023646,-0.742309196515887,-0.483626818883521,-0.31237274596433,-0.233202994058737,-0.0195044396204402,0.303683486193977,0.435228156867683,0.370650890000458,"ConA",0,4,1,1,1
"3JU9",-4.34764843930876,-1.12655279411939,-0.0106383323917642,-1.0476009442793,2.74550398519002,-0.278415720072091,-0.831069468658623,-0.278574308886076,1.30312908240112,0.241175051592443,0.0811553054268871,0.652368775888617,0.167766263510057,0.164244449742238,0.469284566208741,0.870927096329607,0.172896881127157,0.215918930799412,-0.0885360950195427,0.163576816881463,"ConBr",0,2,1,1,2
"3NWK",1.39343374381887,-1.67035607955225,3.16721331318273,-0.560187569040758,-1.00033610328018,-0.393624446525806,1.84205076443587,2.46066533646052,0.703275661642421,-0.0250563211721219,0.197607085884651,-0.159865997464162,0.817555752933189,0.161176393076171,-0.19494167329805,-0.0985098875504525,0.750090750530691,0.731301699405796,0.152297765308693,0.0863216111309163,"ConA",0,2,1,1,1
"3QLQ",0.371033212448484,-2.34110396941132,1.88694033114272,0.521522788670377,-0.868867716755602,-0.554346273992579,0.195196920521521,-1.77580576650751,-0.0765981602357505,0.948216290851328,0.117168965722396,-0.282535173492512,0.901480453916703,0.23262318115696,0.840407409644913,-0.416706054672937,-0.818467923470955,0.00670367417317973,-0.0322086476804553,0.116666557686276,"ConV",1,2,2,1,1
"3RS6",-4.44846647441151,3.11366608017678,-0.836809205747808,2.50242059755576,-1.6057080466253,-0.198203661254295,1.14358386856217,-0.107023478679846,-1.62824831404956,0.415943693049288,-1.75474360276092,0.261595383841126,-0.127515372510137,-0.695298639742127,0.247091691482676,-0.628444289400076,-0.509104508827467,0.34105620310532,-0.762280340034736,0.175204656505799,"DvirL",2,2,2,1,1
"3SNM",-5.49438073558211,-3.00235239965471,-1.41421698874235,-1.95921769328524,-0.00386507325705902,0.349571142428502,-0.0482680633878122,-0.499441626090102,0.124029625571985,-0.067467983733225,-0.0968955833275324,0.547072638850369,-0.150427134903142,0.0745040972846585,-0.344494375672153,0.290683343415435,-0.205393705490387,0.489555137437767,-0.224142996146065,0.146248312713699,"CaLi",0,2,4,2,1
"4CZS",0.354730036866985,-1.86742379533362,2.72124744903265,-0.818602353901846,-3.01929678185463,-0.433417175761781,2.31730425192861,2.22514785502318,1.20009707513176,0.361643737701402,0.442192435354819,0.326187087806697,0.264543281545592,-0.0215873687534995,0.520436345834854,-0.675998859426543,0.329076367806416,-0.184831248077795,-0.740861598824195,0.162107160153854,"ConV",1,2,2,1,1
"4DPN",-5.54810735896517,-3.26578700779161,-2.01216030581045,-1.78326222103223,-0.401459286186437,0.144917952238622,-0.0191864084910124,-0.858023592556842,0.170598161181006,0.27550491305153,0.261787711175535,0.502952187411838,-0.249191888395351,-0.0262451286695037,-0.329678452187207,-0.114933803990515,-0.0256571882609502,0.119627603495079,-0.468459756797018,-0.309527093471916,"CaLi",0,2,1,3,1
"4H55",-6.03181839118739,-2.32682538609253,-1.51345158293791,-1.57828704137232,0.0679109181899712,-0.0176959985834436,0.268113293743388,-0.639320399589775,0.442995558393435,0.240775846788719,-0.242033527639176,0.595513306112862,-0.184566495879313,-0.0505635578420859,-0.26092307818829,0.717499851642752,-0.40998831652554,-0.380952492967385,-0.396546867117489,-0.295789391508414,"ConBr",0,2,4,1,2
"4I30",-5.45647413590991,-3.65335076895337,-2.50287889848462,-2.58941466603692,-0.543134700379121,0.613002177916764,0.161386389215164,-0.913525098740374,-0.00749644245452587,0.3464392656246,-0.166848754493005,0.414895192717132,-0.105942623453947,-0.152727630851854,-0.856242845064794,0.0636221220724725,-0.34874618714093,0.509982439505762,0.0853637787431081,-0.221137419917147,"CaLi",0,2,4,1,2
"4K1Z",-1.58529991887786,-2.19805413687679,-0.481555609882681,-0.884173246449073,1.55617264575344,0.524473813675337,-1.51198937563363,0.791325776015827,-1.89365811873689,0.175488104340131,0.89185078264016,-0.231491696157692,0.332037535224644,-0.639708468661009,0.652311744708258,0.635237516542339,0.0991287124043302,0.166226034852631,0.164409059679517,0.0455755504954216,"Cbol",0,2,2,1,1
"4K20",-2.04383104700257,-1.62789942018416,1.9796229592884,0.128771378772783,0.993597640295498,0.879930754785701,-2.73317128730209,1.74258298464516,-1.45393108577218,1.67424685329105,1.22270612885638,0.50967061539454,0.185223894999261,-0.0664874975131982,1.17863564538182,0.460896748709109,0.323757653051688,-0.310280216283415,0.868729720049588,0.17199622985231,"Cbol",0,2,1,1,1
"4K21",-1.93796804043548,-2.03900493743346,0.449649938443052,-0.445808159153977,0.737428266985798,0.273879489686209,-2.0844210073818,1.70708334824746,-1.47411401419002,1.42353422114075,1.1977909903381,0.289000688368629,0.372411980512285,-0.341619283191602,1.26794397987901,0.0331529320317177,0.563790012315617,0.0688568658054626,-0.0323269358716595,0.0880864635756012,"Cbol",0,2,2,1,1
"4MYE",-3.15431577717841,2.4749693278992,0.472206816505272,1.75570181707069,1.40240205053034,-1.1314306183267,0.53577159102575,-0.631512491551301,-0.939657705129955,0.118699484084869,-2.70184124527145,-0.158785667012735,0.536295615526525,-0.629457424090505,0.794122446323597,-0.539282883773103,-0.108224332694538,0.166701684178563,-0.802639057791665,-0.54205850310792,"CRLI",1,2,2,1,1
"4P14",-5.92194659246029,-2.2278192005043,-1.67975386682313,-1.54618123637072,-0.0967230407105418,0.0755588690238693,0.234117148065946,-0.605488236998766,0.508922122855321,0.14113806192803,-0.235882910034709,0.690047559335438,-0.369904082540698,-0.168735552007095,-0.392442961600316,0.642590333199405,-0.209462366919352,-0.432483601307079,-0.262603671458117,0.0727545999288888,"ConBr",0,2,4,1,2
"4P9W",0.767228632646398,-1.80731009291526,1.40077031736745,0.521838957801281,-0.761854021735252,-0.546785699199328,0.297999515123252,-0.881895345203614,-0.489927869412228,0.501758918904395,-0.323628386175467,-0.116336391116427,0.543297073512289,0.00589712892883034,0.39342039775518,0.271777245926885,-0.910007125644404,0.532416790010457,0.361799367586046,0.856936561560887,"ConA",0,2,2,1,1
"4P9X",0.850510858632081,-2.29109280265956,1.76895659551758,0.575855010603064,-0.6496709806508,-0.440934203245522,0.502777010148543,-0.941486959650936,-0.420239996978412,0.772253977935483,-0.213979241960108,-0.190899925479075,0.686680743256857,-0.0309203267993039,0.48555561221965,0.684272383947248,-0.707158626719572,0.377966699324394,0.130106655606347,0.552238832877036,"ConA",0,2,3,1,1
"4P9Y",-1.19523901534302,-0.538756441848604,1.72681431452406,0.317295776531324,-0.249731637438767,-0.882617902843758,0.716071550123655,-1.02802507658663,3.16027001612647,0.078988309815261,-1.24076119391784,0.670735583069327,-0.218682687130367,1.41823759545883,-0.61777076132125,-0.0946111186346506,-0.14794273501137,-1.71860404331221,0.339118781193862,1.45541855606863,"ConA",0,2,2,1,1
"4PCR",-4.02452597811026,-1.18708450677694,-0.873804172657491,-1.24085510040586,2.92412190293637,-0.343547150663299,-1.11351604858557,-0.275575317887044,1.25076684986295,0.229872989925932,-0.0815797287419697,0.868273737710951,0.199633838672839,0.481487817051641,0.0372723362228785,0.739913838674592,-0.0451444601909876,0.480253202507441,-0.0231664624153194,-0.153922843477138,"ConBr",0,2,1,1,2
"4PF5",-2.81478259701158,-0.634926160681373,7.34813619261442,2.80841328134014,-4.32792816163947,6.07977260715259,-5.13765964114787,0.362923222643152,1.72197906181322,-2.78084459900099,-1.72702979754364,0.0984512106499493,0.353162772049994,-0.420526068033649,0.794370695755509,1.80630045968434,0.734341174744169,1.02241957963826,-0.134202730971719,-0.2628093851513,"ConA",0,3,2,1,1
"4TYS",-2.56032205803197,-0.434390028062171,-1.13771315640747,-0.773467421495035,4.30399736759273,-0.171644689868761,-2.66087975053212,-1.39320921434211,-0.0859979007720192,-1.40685936007343,-0.101953885561717,-2.77134327141594,0.755150373374706,0.338732334926815,0.285294747433608,-1.61767220852145,1.18146670342819,-0.395632290987062,1.17569175188345,-0.823291382885677,"CaLi",0,1,1,1,1
"4TZD",-3.75691239741464,-1.33117962391074,-0.104235247209435,-1.13494625540667,1.45716526558658,0.538751267908151,-0.864449775854944,-0.205558079962477,-0.292147619429474,-0.747234391060104,0.140094109638585,-1.52863616996918,-0.258607117226273,0.444878868117739,-0.58684797979871,-0.210077776895515,1.07791997724718,-0.621956351037844,-0.908808169298167,-0.727472892440954,"CaLi",0,1,1,1,1
"5CNA",1.99676730532773,-2.31748065228114,1.3994375757246,0.252909560094263,0.785611947324138,-0.609779570234471,0.0609271952078121,-1.02046059642137,-0.547129526941853,0.0661916575608045,0.0385950609606137,0.368878310468672,-0.958941022883283,-0.172314726812442,-0.321896431640392,-0.0879884055522615,-0.547710366997394,0.202473079880788,0.0784690542879173,0.175744666697908,"ConA",0,2,2,1,1
"5O6N",3.18581228675264,-0.414672941465227,-2.49706662372615,-0.803802654013889,-1.20318927987981,-0.891396832008756,0.0698189372831192,0.132894074139713,0.167869937688102,0.0106717715251453,-0.279853725239298,0.237843110284845,0.250248112467035,-0.016359374374934,0.850811129700354,-0.138645775790283,0.370465818479642,-0.149572130515169,-0.254693910162465,0.398256519836265,"ConA",0,2,1,1,1
"5WEY",1.87981393852265,-0.941385978071075,2.21948693812744,0.938183254964454,0.127605768117974,0.159084349303256,-0.0166381123598601,-1.46619965076063,-0.586656065194174,-0.44243060435202,0.704214377032918,-1.62165072574072,0.543523416134005,0.369049639674927,-0.811097689567635,0.419554965716677,-0.0414904808220092,0.452233378146809,-0.268374239344107,0.218432376985691,"ConA",0,2,2,1,1
"5YGM",3.89240136904069,0.222455398110202,-2.47397469867203,0.0379055066253988,-0.77839693975908,-0.588393829463501,-0.635366890577975,0.0752409070854785,0.393251674370363,0.102368949543033,0.131118992676322,0.284226362924761,0.282216404639611,0.161726462741933,0.509889503436677,0.155303375608907,0.151024329794502,0.0525708631003438,0.285411928795871,-0.0889511285530859,"ConA",0,2,1,1,1
"5Z5L",-0.56943103586075,-0.780378857343129,4.07573647175987,1.38789077714634,-3.35456737804984,3.86026322224936,-3.43449004239614,0.963438556534578,1.6597733335488,-1.42000701461779,-1.67820329428742,0.686472847875255,-0.467631294333685,0.147182412720164,-0.775327829342965,-1.88341663240491,-1.53854643791526,-1.03533605487488,0.360509138534137,-1.47771758043236,"ConA",0,2,1,1,1
"5Z5N",1.29880323520954,-1.36965080997171,2.04034223665723,0.481934500024808,-0.987992723019304,-0.552501990200502,0.990026581167745,0.82983801059105,0.0391020872226849,0.461733778787767,0.631445794878019,-0.416684606590269,0.619821669991426,0.249391991502159,0.477888640409942,-0.534143656315407,-0.276910831924225,0.746874622313847,0.0900609027191383,-0.154448416361525,"ConA",0,2,1,1,1
"5Z5Y",-1.37221311504465,-0.613254083272636,1.67845146933491,0.235520523701559,-0.226749011591344,-0.848190472704892,0.633261895397981,-1.0533352335134,3.23959909571625,0.0499839008456492,-1.27978535367644,0.80305515980957,-0.256152615786272,1.49032691331086,-0.592125519275892,-0.217074889373922,-0.0994159403762612,-1.62960085136289,0.398092114676837,1.43433587768516,"ConA",0,2,2,1,1
"6AHG",2.36295503192198,1.53240366493423,-0.452597225406887,0.700820421604509,1.40787644251971,1.1811930028036,-1.77036208564742,0.786049645342872,-1.60483588052174,0.691246179627599,-0.468090163981653,0.103378849680622,1.3585299113996,1.9265428819539,-3.17443875496788,-1.70971996048518,0.512303571735845,-0.181377844518414,-0.944712686308319,-0.0122854167007549,"ConA",0,4,1,1,1
"6GW9",4.9768714969703,0.72055605127039,-1.31638709046196,0.340624346453705,1.83235416583408,-0.487978854897865,-1.17366439360773,-0.0277229305255353,0.600600152573423,-0.461310177989396,0.329599373727804,0.212327256518003,-0.231174457860718,0.105374654426089,0.0206416824832846,-0.0158324025475135,-0.0775977075501015,0.281665923571123,0.0195006713531008,-0.171452812639426,"ConV",1,4,1,1,1
"6H2M",3.34928304205711,0.451877874585584,-2.90264238143854,-0.191067245436027,-1.48694028254721,-0.364421292471624,-0.543113316940831,0.103531510127775,0.108582046881107,0.305796712290123,-0.100159467395797,0.280694930529557,0.163809435226585,-0.0816806439110328,0.596024002820358,0.053577589793046,0.29856668246494,0.102408267728507,0.119052755080022,0.00166348257248748,"ConA",0,2,1,1,1
"6VB8",-4.39751620405355,-1.52626928330108,-0.451383594959276,-1.3727904726778,2.06448870827688,-0.462322385158337,-0.849930657704601,-0.709328906595359,1.41347471536203,0.28831045011627,0.0104456272140644,0.650211501310504,0.415401961350833,0.093088416654188,0.565375516904301,0.790181207691281,0.262566227045488,-0.0548407712657712,-0.0538575185363379,-0.0933566596272924,"ConBr",0,2,1,2,2
"7MG1",3.82568149773461,-0.162984164140657,-2.77397646873884,-0.712128685292868,-1.06198519861868,-0.41840192216205,-0.0453844337144389,0.28513454270506,0.0286391164721898,-0.37673462675283,-0.19138708857613,0.326225492456309,0.81852826266317,0.112537480315138,0.209980613640585,0.271303882213107,0.460017452407329,-0.8789766888107,-0.222534153987795,-0.293260924457399,"ConA",0,2,1,1,1
"7MG2",4.14117251347831,0.138521513381632,-2.63870710689702,-0.605076164984746,-0.64011322628097,-0.594321140979692,-0.494928692371872,0.0399081844935907,0.184543446422653,-0.116121936841649,-0.160655839680984,0.267857247360131,0.657837803784809,0.187163887145704,0.36369857893051,0.252399901085366,0.339121014305511,-0.308035867400512,-0.0236525670994669,-0.246383878325125,"ConA",0,2,1,1,1
"7MG3",3.84730057153848,0.292079114079839,-2.48392072904982,-0.12412501302242,-0.952896303230239,-0.503488363666631,-0.701172016604649,0.0280027168293852,0.354970182156419,0.123653181674862,0.0634174738274024,0.263971154060946,0.456280668529845,0.165922291591233,0.437298759826653,0.191398950864476,0.220987596462743,-0.0769156477035968,0.146858971197608,-0.241348397281427,"ConA",0,2,1,1,1
"7MG4",3.9592907874832,-0.0324223992420205,-2.52278577831082,-0.495541758269851,-0.697666426071753,-0.500314417593898,-0.170093398955707,-0.00885435273510218,0.140172924560809,-0.476488618549993,-0.0321089263679171,0.342897918085122,0.539798186801584,0.000753809124138641,0.287865617372477,0.102541903923355,0.489320404717952,-0.604014056329964,-0.159441710350481,-0.215645712044715,"ConA",0,2,1,1,1
"7MG5",1.61195929833767,-2.43268582368549,1.17606272140044,-0.222100107537858,-0.344072056534049,-0.591052019022369,0.84628821737701,0.0371254624415477,-0.145895561383691,0.227326298088743,0.159687974950919,-0.0217003451360499,0.8112863208249,0.0181629958413203,-0.0628995412339961,-0.152605537650458,-0.459543208427172,0.372601121990053,0.120599182792016,-0.774578577265176,"ConA",0,2,2,1,1
"7MG6",0.980032719674832,-2.85569401184214,2.58576117817149,0.374665519142973,-0.300990065768844,-0.838462917883002,0.88831892536428,-0.268442339823186,0.0198156834074625,1.38439476235388,0.542722333173233,0.684658740615884,0.449950439868268,-0.293732224274738,0.0498709448799744,0.196434003047949,-0.144967449302787,0.0703135417817816,0.628124461322339,-0.647558261026561,"ConA",0,2,2,1,1
"7MG7",1.64244905786076,-2.30864274539848,1.17855752921425,0.0525119354043364,-0.205431041938524,-0.543411924233919,0.672540317484587,-0.510582561623622,-0.0547732299386177,0.472229351615128,0.21566803772397,0.0544926873735228,0.910615915308789,0.160456013778891,0.0735908721125874,-0.106201348270413,-0.451791867293379,0.075556324679683,-0.00583827447052878,-0.725134589906976,"ConA",0,2,2,1,1
"7MG8",2.12254928893639,-1.77074938539916,2.24127493145218,0.334236063554759,0.331196420440001,-0.376685957540126,0.58521301192523,0.14850907315769,0.175056790354308,0.706350073450505,0.446039976053607,0.126725339180243,0.784815494089897,0.294920406501375,-0.297662347003827,0.128361281008065,-0.523086266829825,0.0148639882424394,0.105923832710457,-1.5759077257186,"ConA",0,2,2,1,1
"7MG9",1.27382618964558,-1.83081675749483,2.75531144757605,0.845518824033009,-0.633395851349274,-0.119578419164631,0.689013517934106,-0.204447340203845,0.816378738812248,1.51767538401029,1.19755861559757,-0.079845015136662,1.54545941949117,0.773725403913286,0.0516440420811844,0.13886443590363,-0.61782626194434,0.290284965946452,-0.0113811188371043,-0.971288278180321,"ConA",0,2,2,1,1
"7MGA",1.28212895254587,-2.22062875351005,1.77504553761601,0.246648121965753,-0.136543696037539,-0.928920802069374,0.569121225472068,-0.572987001747381,0.0402943124063983,0.78711794833433,0.436120013554977,0.200046352613261,0.728701425973116,0.0404297466275785,0.384767815162482,-0.221662289017942,-0.399186001942579,-0.0121285094284338,0.173386474921805,-0.503064209616923,"ConA",0,2,2,1,1
"7MGB",1.77581230672973,-0.703300549335777,2.42139555590287,1.00318696843183,-0.473543550190655,-0.505180772151642,0.444050901554655,0.29341323971922,0.481879854333113,-0.00676058090094179,0.59399630907237,-0.816272427467252,0.780402929510297,0.317087685488681,1.16301098663051,-0.555235075982218,-0.0186783238758741,0.0810860114947194,-0.0972647623303415,0.19385758352734,"ConA",0,2,2,1,1
"7MGC",-0.427006750675713,-0.138907823112436,1.42096824286188,0.294024744362896,0.875762455682352,-0.819023386595777,1.70722181874795,-1.07419852036914,3.0763477426689,-0.573433577873266,0.0248990756426286,-1.41941214854485,0.868243166597595,0.778936953050124,0.61512248337028,-0.162266526287291,0.5512818617594,0.0837693900515215,0.190524397676411,-0.241882030805447,"ConA",0,2,2,1,1
"7MGD",1.97745995494966,-1.81544632129942,2.28489339881354,-0.191387934639506,-0.822114638098823,-0.960303441219173,0.992797312863309,0.105196608718692,0.755193904633283,0.146569521521388,0.0203748237752132,-0.498285159632087,0.716186930199229,0.271304373594173,0.76425909530807,-0.221985305191978,-0.370497258283599,-0.134284593634379,-0.287690520095064,-0.155173748920493,"ConA",0,2,2,1,1
